1,28,,Mean,17.91182078,,,,
2,13,,Medain,16,,,,
3,22,,Mode ,13,,,,
4,12,,Std.Dev,8.519832939,,,,
5,10,,Request Count,2098,,,,
6,15,,,,,,Row Labels,Count of 1
7,12,,,,,,6,120
8,31,,,,,,7,90
9,22,,,,,,8,88
10,23,,,,,,9,96
11,28,,,,,,10,71
12,16,,,,,,11,107
13,15,,,,,,12,82
14,19,,,,,,13,120
15,8,,,,,,14,111
16,20,,,,,,15,113
17,24,,,,,,16,77
18,27,,,,,,17,89
19,30,,,,,,18,54
20,14,,,,,,19,66
21,22,,,,,,20,42
22,19,,,,,,21,94
23,17,,,,,,22,48
24,21,,,,,,23,65
25,10,,,,,,24,53
26,16,,,,,,25,65
27,16,,,,,,26,57
28,14,,,,,,27,53
29,10,,,,,,28,60
30,26,,,,,,29,54
31,11,,,,,,30,43
32,26,,,,,,31,25
33,29,,,,,,32,26
34,14,,,,,,33,12
35,25,,,,,,34,14
36,16,,,,,,35,12
37,12,,,,,,36,24
38,12,,,,,,37,24
39,15,,,,,,38,18
40,6,,,,,,39,24
41,18,,,,,,(blank),
42,19,,,,,,Grand Total,2097
43,21,,,,,,,
44,12,,,,,,,
45,29,,,,,,,
46,26,,,,,,,
47,28,,,,,,,
48,26,,,,,,,
49,36,,,,,,,
50,18,,,,,,,
51,30,,,,,,,
52,19,,,,,,,
53,36,,,,,,,
54,27,,,,,,,
55,28,,,,,,,
56,19,,,,,,,
57,19,,,,,,,
58,8,,,,,,,
59,10,,,,,,,
60,14,,,,,,,
61,29,,,,,,,
62,15,,,,,,,
63,27,,,,,,,
64,16,,,,,,,
65,13,,,,,,,
66,36,,,,,,,
67,30,,,,,,,
68,13,,,,,,,
69,16,,,,,,,
70,28,,,,,,,
71,20,,,,,,,
72,13,,,,,,,
73,7,,,,,,,
74,26,,,,,,,
75,23,,,,,,,
76,9,,,,,,,
77,19,,,,,,,
78,8,,,,,,,
79,14,,,,,,,
80,25,,,,,,,
81,18,,,,,,,
82,29,,,,,,,
83,6,,,,,,,
84,28,,,,,,,
85,20,,,,,,,
86,13,,,,,,,
87,14,,,,,,,
88,14,,,,,,,
89,29,,,,,,,
90,13,,,,,,,
91,14,,,,,,,
92,13,,,,,,,
93,14,,,,,,,
94,25,,,,,,,
95,18,,,,,,,
96,29,,,,,,,
97,6,,,,,,,
98,28,,,,,,,
99,20,,,,,,,
100,13,,,,,,,
101,14,,,,,,,
102,14,,,,,,,
103,29,,,,,,,
104,13,,,,,,,
105,14,,,,,,,
106,13,,,,,,,
107,14,,,,,,,
108,25,,,,,,,
109,18,,,,,,,
110,29,,,,,,,
111,6,,,,,,,
112,28,,,,,,,
113,20,,,,,,,
114,13,,,,,,,
115,14,,,,,,,
116,14,,,,,,,
117,29,,,,,,,
118,13,,,,,,,
119,14,,,,,,,
120,13,,,,,,,
121,14,,,,,,,
122,25,,,,,,,
123,18,,,,,,,
124,29,,,,,,,
125,6,,,,,,,
126,28,,,,,,,
127,20,,,,,,,
128,13,,,,,,,
129,14,,,,,,,
130,14,,,,,,,
131,29,,,,,,,
132,13,,,,,,,
133,14,,,,,,,
134,13,,,,,,,
135,14,,,,,,,
136,25,,,,,,,
137,18,,,,,,,
138,29,,,,,,,
139,6,,,,,,,
140,28,,,,,,,
141,20,,,,,,,
142,13,,,,,,,
143,14,,,,,,,
144,14,,,,,,,
145,29,,,,,,,
146,13,,,,,,,
147,14,,,,,,,
148,13,,,,,,,
149,25,,,,,,,
150,13,,,,,,,
151,25,,,,,,,
152,38,,,,,,,
153,17,,,,,,,
154,25,,,,,,,
155,13,,,,,,,
156,25,,,,,,,
157,38,,,,,,,
158,17,,,,,,,
159,20,,,,,,,
160,29,,,,,,,
161,33,,,,,,,
162,7,,,,,,,
163,12,,,,,,,
164,39,,,,,,,
165,8,,,,,,,
166,13,,,,,,,
167,6,,,,,,,
168,17,,,,,,,
169,13,,,,,,,
170,23,,,,,,,
171,29,,,,,,,
172,14,,,,,,,
173,35,,,,,,,
174,32,,,,,,,
175,29,,,,,,,
176,9,,,,,,,
177,15,,,,,,,
178,29,,,,,,,
179,26,,,,,,,
180,31,,,,,,,
181,30,,,,,,,
182,11,,,,,,,
183,15,,,,,,,
184,29,,,,,,,
185,26,,,,,,,
186,31,,,,,,,
187,30,,,,,,,
188,11,,,,,,,
189,15,,,,,,,
190,29,,,,,,,
191,26,,,,,,,
192,31,,,,,,,
193,30,,,,,,,
194,11,,,,,,,
195,15,,,,,,,
196,29,,,,,,,
197,26,,,,,,,
198,31,,,,,,,
199,30,,,,,,,
200,11,,,,,,,
201,26,,,,,,,
202,15,,,,,,,
203,29,,,,,,,
204,31,,,,,,,
205,30,,,,,,,
206,11,,,,,,,
207,26,,,,,,,
208,15,,,,,,,
209,29,,,,,,,
210,31,,,,,,,
211,30,,,,,,,
212,11,,,,,,,
213,15,,,,,,,
214,29,,,,,,,
215,26,,,,,,,
216,9,,,,,,,
217,7,,,,,,,
218,8,,,,,,,
219,38,,,,,,,
220,30,,,,,,,
221,11,,,,,,,
222,14,,,,,,,
223,29,,,,,,,
224,24,,,,,,,
225,23,,,,,,,
226,16,,,,,,,
227,21,,,,,,,
228,18,,,,,,,
229,16,,,,,,,
230,16,,,,,,,
231,14,,,,,,,
232,9,,,,,,,
233,16,,,,,,,
234,21,,,,,,,
235,18,,,,,,,
236,16,,,,,,,
237,16,,,,,,,
238,14,,,,,,,
239,9,,,,,,,
240,16,,,,,,,
241,21,,,,,,,
242,18,,,,,,,
243,16,,,,,,,
244,16,,,,,,,
245,14,,,,,,,
246,9,,,,,,,
247,16,,,,,,,
248,21,,,,,,,
249,18,,,,,,,
250,16,,,,,,,
251,16,,,,,,,
252,14,,,,,,,
253,9,,,,,,,
254,16,,,,,,,
255,21,,,,,,,
256,18,,,,,,,
257,16,,,,,,,
258,16,,,,,,,
259,14,,,,,,,
260,9,,,,,,,
261,13,,,,,,,
262,22,,,,,,,
263,19,,,,,,,
264,17,,,,,,,
265,9,,,,,,,
266,13,,,,,,,
267,29,,,,,,,
268,14,,,,,,,
269,10,,,,,,,
270,16,,,,,,,
271,23,,,,,,,
272,13,,,,,,,
273,26,,,,,,,
274,13,,,,,,,
275,13,,,,,,,
276,13,,,,,,,
277,13,,,,,,,
278,13,,,,,,,
279,13,,,,,,,
280,16,,,,,,,
281,13,,,,,,,
282,6,,,,,,,
283,13,,,,,,,
284,20,,,,,,,
285,18,,,,,,,
286,28,,,,,,,
287,21,,,,,,,
288,8,,,,,,,
289,10,,,,,,,
290,9,,,,,,,
291,26,,,,,,,
292,39,,,,,,,
293,6,,,,,,,
294,17,,,,,,,
295,23,,,,,,,
296,32,,,,,,,
297,6,,,,,,,
298,15,,,,,,,
299,23,,,,,,,
300,28,,,,,,,
301,30,,,,,,,
302,37,,,,,,,
303,28,,,,,,,
304,27,,,,,,,
305,23,,,,,,,
306,25,,,,,,,
307,26,,,,,,,
308,27,,,,,,,
309,23,,,,,,,
310,9,,,,,,,
311,26,,,,,,,
312,39,,,,,,,
313,6,,,,,,,
314,17,,,,,,,
315,23,,,,,,,
316,15,,,,,,,
317,32,,,,,,,
318,6,,,,,,,
319,15,,,,,,,
320,23,,,,,,,
321,28,,,,,,,
322,23,,,,,,,
323,30,,,,,,,
324,37,,,,,,,
325,28,,,,,,,
326,27,,,,,,,
327,23,,,,,,,
328,25,,,,,,,
329,26,,,,,,,
330,27,,,,,,,
331,23,,,,,,,
332,11,,,,,,,
333,19,,,,,,,
334,27,,,,,,,
335,24,,,,,,,
336,13,,,,,,,
337,28,,,,,,,
338,39,,,,,,,
339,14,,,,,,,
340,21,,,,,,,
341,20,,,,,,,
342,29,,,,,,,
343,10,,,,,,,
344,14,,,,,,,
345,8,,,,,,,
346,18,,,,,,,
347,20,,,,,,,
348,13,,,,,,,
349,27,,,,,,,
350,9,,,,,,,
351,6,,,,,,,
352,15,,,,,,,
353,14,,,,,,,
354,14,,,,,,,
355,14,,,,,,,
356,37,,,,,,,
357,7,,,,,,,
358,9,,,,,,,
359,32,,,,,,,
360,23,,,,,,,
361,21,,,,,,,
362,12,,,,,,,
363,22,,,,,,,
364,18,,,,,,,
365,27,,,,,,,
366,21,,,,,,,
367,16,,,,,,,
368,6,,,,,,,
369,7,,,,,,,
370,18,,,,,,,
371,9,,,,,,,
372,13,,,,,,,
373,14,,,,,,,
374,22,,,,,,,
375,26,,,,,,,
376,7,,,,,,,
377,11,,,,,,,
378,7,,,,,,,
379,19,,,,,,,
380,17,,,,,,,
381,15,,,,,,,
382,18,,,,,,,
383,23,,,,,,,
384,7,,,,,,,
385,32,,,,,,,
386,34,,,,,,,
387,34,,,,,,,
388,27,,,,,,,
389,26,,,,,,,
390,7,,,,,,,
391,18,,,,,,,
392,6,,,,,,,
393,8,,,,,,,
394,34,,,,,,,
395,11,,,,,,,
396,7,,,,,,,
397,25,,,,,,,
398,26,,,,,,,
399,27,,,,,,,
400,21,,,,,,,
401,15,,,,,,,
402,6,,,,,,,
403,14,,,,,,,
404,7,,,,,,,
405,8,,,,,,,
406,25,,,,,,,
407,30,,,,,,,
408,27,,,,,,,
409,12,,,,,,,
410,12,,,,,,,
411,13,,,,,,,
412,12,,,,,,,
413,13,,,,,,,
414,13,,,,,,,
415,24,,,,,,,
416,6,,,,,,,
417,15,,,,,,,
418,10,,,,,,,
419,16,,,,,,,
420,11,,,,,,,
421,8,,,,,,,
422,12,,,,,,,
423,8,,,,,,,
424,12,,,,,,,
425,12,,,,,,,
426,12,,,,,,,
427,9,,,,,,,
428,7,,,,,,,
429,7,,,,,,,
430,7,,,,,,,
431,14,,,,,,,
432,10,,,,,,,
433,19,,,,,,,
434,11,,,,,,,
435,29,,,,,,,
436,28,,,,,,,
437,8,,,,,,,
438,35,,,,,,,
439,27,,,,,,,
440,30,,,,,,,
441,24,,,,,,,
442,21,,,,,,,
443,30,,,,,,,
444,28,,,,,,,
445,24,,,,,,,
446,17,,,,,,,
447,25,,,,,,,
448,22,,,,,,,
449,15,,,,,,,
450,11,,,,,,,
451,9,,,,,,,
452,19,,,,,,,
453,21,,,,,,,
454,26,,,,,,,
455,17,,,,,,,
456,25,,,,,,,
457,22,,,,,,,
458,15,,,,,,,
459,11,,,,,,,
460,9,,,,,,,
461,19,,,,,,,
462,21,,,,,,,
463,27,,,,,,,
464,26,,,,,,,
465,11,,,,,,,
466,29,,,,,,,
467,28,,,,,,,
468,8,,,,,,,
469,35,,,,,,,
470,27,,,,,,,
471,30,,,,,,,
472,24,,,,,,,
473,21,,,,,,,
474,30,,,,,,,
475,28,,,,,,,
476,24,,,,,,,
477,24,,,,,,,
478,15,,,,,,,
479,13,,,,,,,
480,36,,,,,,,
481,13,,,,,,,
482,17,,,,,,,
483,22,,,,,,,
484,7,,,,,,,
485,9,,,,,,,
486,33,,,,,,,
487,18,,,,,,,
488,34,,,,,,,
489,15,,,,,,,
490,27,,,,,,,
491,32,,,,,,,
492,33,,,,,,,
493,13,,,,,,,
494,23,,,,,,,
495,24,,,,,,,
496,10,,,,,,,
497,22,,,,,,,
498,29,,,,,,,
499,12,,,,,,,
500,16,,,,,,,
501,31,,,,,,,
502,22,,,,,,,
503,17,,,,,,,
504,24,,,,,,,
505,15,,,,,,,
506,12,,,,,,,
507,11,,,,,,,
508,22,,,,,,,
509,38,,,,,,,
510,22,,,,,,,
511,12,,,,,,,
512,16,,,,,,,
513,31,,,,,,,
514,22,,,,,,,
515,17,,,,,,,
516,24,,,,,,,
517,15,,,,,,,
518,12,,,,,,,
519,11,,,,,,,
520,22,,,,,,,
521,38,,,,,,,
522,22,,,,,,,
523,19,,,,,,,
524,17,,,,,,,
525,26,,,,,,,
526,17,,,,,,,
527,26,,,,,,,
528,17,,,,,,,
529,25,,,,,,,
530,25,,,,,,,
531,28,,,,,,,
532,19,,,,,,,
533,19,,,,,,,
534,17,,,,,,,
535,26,,,,,,,
536,17,,,,,,,
537,26,,,,,,,
538,17,,,,,,,
539,25,,,,,,,
540,25,,,,,,,
541,28,,,,,,,
542,19,,,,,,,
543,15,,,,,,,
544,9,,,,,,,
545,7,,,,,,,
546,15,,,,,,,
547,24,,,,,,,
548,11,,,,,,,
549,20,,,,,,,
550,11,,,,,,,
551,29,,,,,,,
552,33,,,,,,,
553,13,,,,,,,
554,11,,,,,,,
555,29,,,,,,,
556,29,,,,,,,
557,17,,,,,,,
558,32,,,,,,,
559,27,,,,,,,
560,38,,,,,,,
561,35,,,,,,,
562,32,,,,,,,
563,29,,,,,,,
564,25,,,,,,,
565,25,,,,,,,
566,12,,,,,,,
567,17,,,,,,,
568,19,,,,,,,
569,14,,,,,,,
570,16,,,,,,,
571,8,,,,,,,
572,35,,,,,,,
573,11,,,,,,,
574,24,,,,,,,
575,22,,,,,,,
576,28,,,,,,,
577,21,,,,,,,
578,19,,,,,,,
579,17,,,,,,,
580,17,,,,,,,
581,24,,,,,,,
582,23,,,,,,,
583,15,,,,,,,
584,11,,,,,,,
585,20,,,,,,,
586,11,,,,,,,
587,12,,,,,,,
588,6,,,,,,,
589,6,,,,,,,
590,7,,,,,,,
591,7,,,,,,,
592,12,,,,,,,
593,9,,,,,,,
594,22,,,,,,,
595,10,,,,,,,
596,20,,,,,,,
597,8,,,,,,,
598,13,,,,,,,
599,24,,,,,,,
600,25,,,,,,,
601,14,,,,,,,
602,13,,,,,,,
603,12,,,,,,,
604,7,,,,,,,
605,11,,,,,,,
606,22,,,,,,,
607,28,,,,,,,
608,21,,,,,,,
609,19,,,,,,,
610,17,,,,,,,
611,17,,,,,,,
612,24,,,,,,,
613,23,,,,,,,
614,15,,,,,,,
615,11,,,,,,,
616,20,,,,,,,
617,11,,,,,,,
618,12,,,,,,,
619,6,,,,,,,
620,6,,,,,,,
621,7,,,,,,,
622,7,,,,,,,
623,12,,,,,,,
624,9,,,,,,,
625,22,,,,,,,
626,10,,,,,,,
627,20,,,,,,,
628,8,,,,,,,
629,13,,,,,,,
630,38,,,,,,,
631,8,,,,,,,
632,13,,,,,,,
633,6,,,,,,,
634,17,,,,,,,
635,24,,,,,,,
636,25,,,,,,,
637,14,,,,,,,
638,29,,,,,,,
639,13,,,,,,,
640,12,,,,,,,
641,7,,,,,,,
642,12,,,,,,,
643,14,,,,,,,
644,11,,,,,,,
645,9,,,,,,,
646,19,,,,,,,
647,11,,,,,,,
648,36,,,,,,,
649,23,,,,,,,
650,17,,,,,,,
651,29,,,,,,,
652,13,,,,,,,
653,8,,,,,,,
654,14,,,,,,,
655,10,,,,,,,
656,23,,,,,,,
657,19,,,,,,,
658,17,,,,,,,
659,17,,,,,,,
660,17,,,,,,,
661,18,,,,,,,
662,21,,,,,,,
663,37,,,,,,,
664,32,,,,,,,
665,33,,,,,,,
666,13,,,,,,,
667,24,,,,,,,
668,17,,,,,,,
669,12,,,,,,,
670,13,,,,,,,
671,27,,,,,,,
672,12,,,,,,,
673,14,,,,,,,
674,25,,,,,,,
675,18,,,,,,,
676,38,,,,,,,
677,15,,,,,,,
678,29,,,,,,,
679,15,,,,,,,
680,14,,,,,,,
681,31,,,,,,,
682,11,,,,,,,
683,30,,,,,,,
684,15,,,,,,,
685,13,,,,,,,
686,14,,,,,,,
687,28,,,,,,,
688,16,,,,,,,
689,19,,,,,,,
690,14,,,,,,,
691,25,,,,,,,
692,18,,,,,,,
693,38,,,,,,,
694,15,,,,,,,
695,29,,,,,,,
696,15,,,,,,,
697,14,,,,,,,
698,31,,,,,,,
699,11,,,,,,,
700,30,,,,,,,
701,15,,,,,,,
702,13,,,,,,,
703,14,,,,,,,
704,28,,,,,,,
705,16,,,,,,,
706,19,,,,,,,
707,13,,,,,,,
708,24,,,,,,,
709,17,,,,,,,
710,12,,,,,,,
711,13,,,,,,,
712,27,,,,,,,
713,12,,,,,,,
714,26,,,,,,,
715,34,,,,,,,
716,12,,,,,,,
717,10,,,,,,,
718,13,,,,,,,
719,17,,,,,,,
720,15,,,,,,,
721,14,,,,,,,
722,10,,,,,,,
723,6,,,,,,,
724,17,,,,,,,
725,14,,,,,,,
726,10,,,,,,,
727,6,,,,,,,
728,17,,,,,,,
729,14,,,,,,,
730,9,,,,,,,
731,7,,,,,,,
732,17,,,,,,,
733,14,,,,,,,
734,10,,,,,,,
735,6,,,,,,,
736,17,,,,,,,
737,14,,,,,,,
738,9,,,,,,,
739,7,,,,,,,
740,17,,,,,,,
741,27,,,,,,,
742,6,,,,,,,
743,25,,,,,,,
744,22,,,,,,,
745,27,,,,,,,
746,28,,,,,,,
747,20,,,,,,,
748,21,,,,,,,
749,27,,,,,,,
750,28,,,,,,,
751,25,,,,,,,
752,6,,,,,,,
753,14,,,,,,,
754,30,,,,,,,
755,23,,,,,,,
756,15,,,,,,,
757,16,,,,,,,
758,10,,,,,,,
759,10,,,,,,,
760,29,,,,,,,
761,15,,,,,,,
762,17,,,,,,,
763,11,,,,,,,
764,13,,,,,,,
765,9,,,,,,,
766,39,,,,,,,
767,8,,,,,,,
768,13,,,,,,,
769,6,,,,,,,
770,17,,,,,,,
771,14,,,,,,,
772,30,,,,,,,
773,23,,,,,,,
774,15,,,,,,,
775,16,,,,,,,
776,10,,,,,,,
777,10,,,,,,,
778,29,,,,,,,
779,15,,,,,,,
780,17,,,,,,,
781,11,,,,,,,
782,13,,,,,,,
783,9,,,,,,,
784,39,,,,,,,
785,8,,,,,,,
786,13,,,,,,,
787,6,,,,,,,
788,17,,,,,,,
789,9,,,,,,,
790,8,,,,,,,
791,8,,,,,,,
792,19,,,,,,,
793,16,,,,,,,
794,21,,,,,,,
795,20,,,,,,,
796,17,,,,,,,
797,11,,,,,,,
798,26,,,,,,,
799,21,,,,,,,
800,27,,,,,,,
801,13,,,,,,,
802,15,,,,,,,
803,6,,,,,,,
804,36,,,,,,,
805,18,,,,,,,
806,29,,,,,,,
807,14,,,,,,,
808,11,,,,,,,
809,8,,,,,,,
810,36,,,,,,,
811,13,,,,,,,
812,20,,,,,,,
813,11,,,,,,,
814,19,,,,,,,
815,14,,,,,,,
816,14,,,,,,,
817,14,,,,,,,
818,14,,,,,,,
819,29,,,,,,,
820,8,,,,,,,
821,32,,,,,,,
822,10,,,,,,,
823,24,,,,,,,
824,28,,,,,,,
825,18,,,,,,,
826,11,,,,,,,
827,19,,,,,,,
828,14,,,,,,,
829,14,,,,,,,
830,14,,,,,,,
831,14,,,,,,,
832,29,,,,,,,
833,8,,,,,,,
834,32,,,,,,,
835,10,,,,,,,
836,24,,,,,,,
837,28,,,,,,,
838,18,,,,,,,
839,17,,,,,,,
840,35,,,,,,,
841,14,,,,,,,
842,9,,,,,,,
843,13,,,,,,,
844,9,,,,,,,
845,22,,,,,,,
846,11,,,,,,,
847,17,,,,,,,
848,9,,,,,,,
849,9,,,,,,,
850,27,,,,,,,
851,26,,,,,,,
852,36,,,,,,,
853,14,,,,,,,
854,16,,,,,,,
855,15,,,,,,,
856,25,,,,,,,
857,29,,,,,,,
858,18,,,,,,,
859,13,,,,,,,
860,11,,,,,,,
861,17,,,,,,,
862,20,,,,,,,
863,26,,,,,,,
864,18,,,,,,,
865,30,,,,,,,
866,39,,,,,,,
867,35,,,,,,,
868,31,,,,,,,
869,15,,,,,,,
870,13,,,,,,,
871,18,,,,,,,
872,11,,,,,,,
873,27,,,,,,,
874,33,,,,,,,
875,36,,,,,,,
876,37,,,,,,,
877,14,,,,,,,
878,27,,,,,,,
879,33,,,,,,,
880,36,,,,,,,
881,37,,,,,,,
882,14,,,,,,,
883,27,,,,,,,
884,33,,,,,,,
885,36,,,,,,,
886,37,,,,,,,
887,14,,,,,,,
888,11,,,,,,,
889,16,,,,,,,
890,16,,,,,,,
891,19,,,,,,,
892,20,,,,,,,
893,21,,,,,,,
894,24,,,,,,,
895,21,,,,,,,
896,20,,,,,,,
897,21,,,,,,,
898,20,,,,,,,
899,12,,,,,,,
900,36,,,,,,,
901,9,,,,,,,
902,13,,,,,,,
903,26,,,,,,,
904,39,,,,,,,
905,23,,,,,,,
906,21,,,,,,,
907,23,,,,,,,
908,13,,,,,,,
909,26,,,,,,,
910,39,,,,,,,
911,23,,,,,,,
912,21,,,,,,,
913,23,,,,,,,
914,13,,,,,,,
915,26,,,,,,,
916,39,,,,,,,
917,23,,,,,,,
918,21,,,,,,,
919,23,,,,,,,
920,13,,,,,,,
921,26,,,,,,,
922,39,,,,,,,
923,23,,,,,,,
924,21,,,,,,,
925,23,,,,,,,
926,13,,,,,,,
927,26,,,,,,,
928,39,,,,,,,
929,23,,,,,,,
930,21,,,,,,,
931,23,,,,,,,
932,39,,,,,,,
933,9,,,,,,,
934,6,,,,,,,
935,25,,,,,,,
936,31,,,,,,,
937,27,,,,,,,
938,10,,,,,,,
939,6,,,,,,,
940,22,,,,,,,
941,21,,,,,,,
942,30,,,,,,,
943,9,,,,,,,
944,17,,,,,,,
945,6,,,,,,,
946,21,,,,,,,
947,21,,,,,,,
948,14,,,,,,,
949,6,,,,,,,
950,25,,,,,,,
951,21,,,,,,,
952,21,,,,,,,
953,39,,,,,,,
954,9,,,,,,,
955,6,,,,,,,
956,25,,,,,,,
957,31,,,,,,,
958,27,,,,,,,
959,10,,,,,,,
960,6,,,,,,,
961,22,,,,,,,
962,21,,,,,,,
963,30,,,,,,,
964,9,,,,,,,
965,17,,,,,,,
966,6,,,,,,,
967,21,,,,,,,
968,21,,,,,,,
969,14,,,,,,,
970,6,,,,,,,
971,25,,,,,,,
972,21,,,,,,,
973,21,,,,,,,
974,39,,,,,,,
975,9,,,,,,,
976,6,,,,,,,
977,25,,,,,,,
978,31,,,,,,,
979,27,,,,,,,
980,10,,,,,,,
981,6,,,,,,,
982,22,,,,,,,
983,21,,,,,,,
984,30,,,,,,,
985,9,,,,,,,
986,17,,,,,,,
987,6,,,,,,,
988,21,,,,,,,
989,21,,,,,,,
990,14,,,,,,,
991,6,,,,,,,
992,25,,,,,,,
993,21,,,,,,,
994,21,,,,,,,
995,11,,,,,,,
996,13,,,,,,,
997,8,,,,,,,
998,12,,,,,,,
999,39,,,,,,,
1000,27,,,,,,,
1001,9,,,,,,,
1002,33,,,,,,,
1003,37,,,,,,,
1004,19,,,,,,,
1005,11,,,,,,,
1006,19,,,,,,,
1007,23,,,,,,,
1008,39,,,,,,,
1009,9,,,,,,,
1010,6,,,,,,,
1011,25,,,,,,,
1012,31,,,,,,,
1013,27,,,,,,,
1014,10,,,,,,,
1015,6,,,,,,,
1016,22,,,,,,,
1017,21,,,,,,,
1018,30,,,,,,,
1019,9,,,,,,,
1020,17,,,,,,,
1021,6,,,,,,,
1022,21,,,,,,,
1023,21,,,,,,,
1024,14,,,,,,,
1025,6,,,,,,,
1026,25,,,,,,,
1027,21,,,,,,,
1028,21,,,,,,,
1029,9,,,,,,,
1030,20,,,,,,,
1031,7,,,,,,,
1032,19,,,,,,,
1033,7,,,,,,,
1034,19,,,,,,,
1035,16,,,,,,,
1036,17,,,,,,,
1037,10,,,,,,,
1038,7,,,,,,,
1039,15,,,,,,,
1040,16,,,,,,,
1041,17,,,,,,,
1042,10,,,,,,,
1043,7,,,,,,,
1044,15,,,,,,,
1045,16,,,,,,,
1046,17,,,,,,,
1047,10,,,,,,,
1048,7,,,,,,,
1049,15,,,,,,,
1050,16,,,,,,,
1051,17,,,,,,,
1052,10,,,,,,,
1053,7,,,,,,,
1054,15,,,,,,,
1055,16,,,,,,,
1056,17,,,,,,,
1057,10,,,,,,,
1058,7,,,,,,,
1059,15,,,,,,,
1060,16,,,,,,,
1061,17,,,,,,,
1062,10,,,,,,,
1063,7,,,,,,,
1064,15,,,,,,,
1065,15,,,,,,,
1066,9,,,,,,,
1067,8,,,,,,,
1068,28,,,,,,,
1069,24,,,,,,,
1070,21,,,,,,,
1071,21,,,,,,,
1072,15,,,,,,,
1073,16,,,,,,,
1074,14,,,,,,,
1075,24,,,,,,,
1076,20,,,,,,,
1077,29,,,,,,,
1078,6,,,,,,,
1079,28,,,,,,,
1080,18,,,,,,,
1081,29,,,,,,,
1082,8,,,,,,,
1083,19,,,,,,,
1084,11,,,,,,,
1085,11,,,,,,,
1086,8,,,,,,,
1087,12,,,,,,,
1088,23,,,,,,,
1089,14,,,,,,,
1090,8,,,,,,,
1091,15,,,,,,,
1092,9,,,,,,,
1093,26,,,,,,,
1094,24,,,,,,,
1095,21,,,,,,,
1096,15,,,,,,,
1097,21,,,,,,,
1098,16,,,,,,,
1099,14,,,,,,,
1100,24,,,,,,,
1101,29,,,,,,,
1102,6,,,,,,,
1103,28,,,,,,,
1104,18,,,,,,,
1105,29,,,,,,,
1106,22,,,,,,,
1107,19,,,,,,,
1108,32,,,,,,,
1109,23,,,,,,,
1110,12,,,,,,,
1111,23,,,,,,,
1112,21,,,,,,,
1113,14,,,,,,,
1114,15,,,,,,,
1115,28,,,,,,,
1116,13,,,,,,,
1117,14,,,,,,,
1118,15,,,,,,,
1119,28,,,,,,,
1120,15,,,,,,,
1121,28,,,,,,,
1122,13,,,,,,,
1123,14,,,,,,,
1124,15,,,,,,,
1125,12,,,,,,,
1126,37,,,,,,,
1127,25,,,,,,,
1128,12,,,,,,,
1129,23,,,,,,,
1130,18,,,,,,,
1131,12,,,,,,,
1132,12,,,,,,,
1133,37,,,,,,,
1134,25,,,,,,,
1135,12,,,,,,,
1136,23,,,,,,,
1137,18,,,,,,,
1138,12,,,,,,,
1139,17,,,,,,,
1140,15,,,,,,,
1141,9,,,,,,,
1142,6,,,,,,,
1143,15,,,,,,,
1144,24,,,,,,,
1145,11,,,,,,,
1146,11,,,,,,,
1147,20,,,,,,,
1148,21,,,,,,,
1149,13,,,,,,,
1150,21,,,,,,,
1151,17,,,,,,,
1152,15,,,,,,,
1153,9,,,,,,,
1154,6,,,,,,,
1155,15,,,,,,,
1156,24,,,,,,,
1157,11,,,,,,,
1158,11,,,,,,,
1159,20,,,,,,,
1160,21,,,,,,,
1161,13,,,,,,,
1162,21,,,,,,,
1163,15,,,,,,,
1164,7,,,,,,,
1165,17,,,,,,,
1166,22,,,,,,,
1167,32,,,,,,,
1168,37,,,,,,,
1169,27,,,,,,,
1170,37,,,,,,,
1171,10,,,,,,,
1172,12,,,,,,,
1173,19,,,,,,,
1174,36,,,,,,,
1175,37,,,,,,,
1176,36,,,,,,,
1177,30,,,,,,,
1178,26,,,,,,,
1179,15,,,,,,,
1180,11,,,,,,,
1181,15,,,,,,,
1182,24,,,,,,,
1183,12,,,,,,,
1184,6,,,,,,,
1185,37,,,,,,,
1186,8,,,,,,,
1187,13,,,,,,,
1188,14,,,,,,,
1189,14,,,,,,,
1190,21,,,,,,,
1191,22,,,,,,,
1192,37,,,,,,,
1193,38,,,,,,,
1194,23,,,,,,,
1195,25,,,,,,,
1196,28,,,,,,,
1197,19,,,,,,,
1198,15,,,,,,,
1199,10,,,,,,,
1200,12,,,,,,,
1201,19,,,,,,,
1202,36,,,,,,,
1203,37,,,,,,,
1204,36,,,,,,,
1205,30,,,,,,,
1206,26,,,,,,,
1207,15,,,,,,,
1208,11,,,,,,,
1209,15,,,,,,,
1210,24,,,,,,,
1211,12,,,,,,,
1212,6,,,,,,,
1213,37,,,,,,,
1214,8,,,,,,,
1215,13,,,,,,,
1216,14,,,,,,,
1217,14,,,,,,,
1218,21,,,,,,,
1219,22,,,,,,,
1220,37,,,,,,,
1221,38,,,,,,,
1222,23,,,,,,,
1223,25,,,,,,,
1224,28,,,,,,,
1225,19,,,,,,,
1226,15,,,,,,,
1227,10,,,,,,,
1228,12,,,,,,,
1229,19,,,,,,,
1230,36,,,,,,,
1231,37,,,,,,,
1232,36,,,,,,,
1233,30,,,,,,,
1234,26,,,,,,,
1235,15,,,,,,,
1236,11,,,,,,,
1237,15,,,,,,,
1238,24,,,,,,,
1239,12,,,,,,,
1240,6,,,,,,,
1241,37,,,,,,,
1242,8,,,,,,,
1243,13,,,,,,,
1244,14,,,,,,,
1245,14,,,,,,,
1246,21,,,,,,,
1247,22,,,,,,,
1248,37,,,,,,,
1249,38,,,,,,,
1250,23,,,,,,,
1251,25,,,,,,,
1252,28,,,,,,,
1253,19,,,,,,,
1254,15,,,,,,,
1255,8,,,,,,,
1256,8,,,,,,,
1257,11,,,,,,,
1258,9,,,,,,,
1259,23,,,,,,,
1260,16,,,,,,,
1261,16,,,,,,,
1262,13,,,,,,,
1263,11,,,,,,,
1264,18,,,,,,,
1265,14,,,,,,,
1266,15,,,,,,,
1267,8,,,,,,,
1268,12,,,,,,,
1269,8,,,,,,,
1270,10,,,,,,,
1271,12,,,,,,,
1272,13,,,,,,,
1273,11,,,,,,,
1274,10,,,,,,,
1275,8,,,,,,,
1276,8,,,,,,,
1277,11,,,,,,,
1278,9,,,,,,,
1279,23,,,,,,,
1280,16,,,,,,,
1281,16,,,,,,,
1282,13,,,,,,,
1283,11,,,,,,,
1284,18,,,,,,,
1285,14,,,,,,,
1286,15,,,,,,,
1287,8,,,,,,,
1288,12,,,,,,,
1289,8,,,,,,,
1290,10,,,,,,,
1291,12,,,,,,,
1292,13,,,,,,,
1293,11,,,,,,,
1294,10,,,,,,,
1295,15,,,,,,,
1296,9,,,,,,,
1297,24,,,,,,,
1298,28,,,,,,,
1299,30,,,,,,,
1300,12,,,,,,,
1301,15,,,,,,,
1302,24,,,,,,,
1303,12,,,,,,,
1304,33,,,,,,,
1305,12,,,,,,,
1306,25,,,,,,,
1307,12,,,,,,,
1308,39,,,,,,,
1309,7,,,,,,,
1310,13,,,,,,,
1311,12,,,,,,,
1312,28,,,,,,,
1313,12,,,,,,,
1314,38,,,,,,,
1315,12,,,,,,,
1316,27,,,,,,,
1317,7,,,,,,,
1318,9,,,,,,,
1319,10,,,,,,,
1320,11,,,,,,,
1321,10,,,,,,,
1322,11,,,,,,,
1323,7,,,,,,,
1324,6,,,,,,,
1325,7,,,,,,,
1326,6,,,,,,,
1327,7,,,,,,,
1328,25,,,,,,,
1329,12,,,,,,,
1330,13,,,,,,,
1331,6,,,,,,,
1332,9,,,,,,,
1333,11,,,,,,,
1334,14,,,,,,,
1335,9,,,,,,,
1336,25,,,,,,,
1337,25,,,,,,,
1338,19,,,,,,,
1339,21,,,,,,,
1340,7,,,,,,,
1341,7,,,,,,,
1342,28,,,,,,,
1343,24,,,,,,,
1344,16,,,,,,,
1345,25,,,,,,,
1346,23,,,,,,,
1347,16,,,,,,,
1348,23,,,,,,,
1349,30,,,,,,,
1350,13,,,,,,,
1351,21,,,,,,,
1352,8,,,,,,,
1353,6,,,,,,,
1354,27,,,,,,,
1355,11,,,,,,,
1356,23,,,,,,,
1357,18,,,,,,,
1358,14,,,,,,,
1359,21,,,,,,,
1360,13,,,,,,,
1361,23,,,,,,,
1362,21,,,,,,,
1363,9,,,,,,,
1364,28,,,,,,,
1365,27,,,,,,,
1366,9,,,,,,,
1367,11,,,,,,,
1368,15,,,,,,,
1369,9,,,,,,,
1370,14,,,,,,,
1371,13,,,,,,,
1372,15,,,,,,,
1373,34,,,,,,,
1374,32,,,,,,,
1375,7,,,,,,,
1376,26,,,,,,,
1377,29,,,,,,,
1378,18,,,,,,,
1379,17,,,,,,,
1380,28,,,,,,,
1381,37,,,,,,,
1382,18,,,,,,,
1383,13,,,,,,,
1384,22,,,,,,,
1385,26,,,,,,,
1386,27,,,,,,,
1387,22,,,,,,,
1388,20,,,,,,,
1389,9,,,,,,,
1390,9,,,,,,,
1391,8,,,,,,,
1392,21,,,,,,,
1393,21,,,,,,,
1394,15,,,,,,,
1395,7,,,,,,,
1396,16,,,,,,,
1397,23,,,,,,,
1398,27,,,,,,,
1399,23,,,,,,,
1400,17,,,,,,,
1401,34,,,,,,,
1402,6,,,,,,,
1403,20,,,,,,,
1404,18,,,,,,,
1405,16,,,,,,,
1406,9,,,,,,,
1407,21,,,,,,,
1408,15,,,,,,,
1409,6,,,,,,,
1410,14,,,,,,,
1411,25,,,,,,,
1412,11,,,,,,,
1413,16,,,,,,,
1414,28,,,,,,,
1415,21,,,,,,,
1416,27,,,,,,,
1417,22,,,,,,,
1418,7,,,,,,,
1419,22,,,,,,,
1420,6,,,,,,,
1421,23,,,,,,,
1422,22,,,,,,,
1423,38,,,,,,,
1424,13,,,,,,,
1425,8,,,,,,,
1426,13,,,,,,,
1427,36,,,,,,,
1428,36,,,,,,,
1429,6,,,,,,,
1430,6,,,,,,,
1431,6,,,,,,,
1432,31,,,,,,,
1433,15,,,,,,,
1434,38,,,,,,,
1435,9,,,,,,,
1436,7,,,,,,,
1437,18,,,,,,,
1438,6,,,,,,,
1439,9,,,,,,,
1440,24,,,,,,,
1441,28,,,,,,,
1442,7,,,,,,,
1443,14,,,,,,,
1444,21,,,,,,,
1445,12,,,,,,,
1446,12,,,,,,,
1447,12,,,,,,,
1448,12,,,,,,,
1449,13,,,,,,,
1450,12,,,,,,,
1451,29,,,,,,,
1452,12,,,,,,,
1453,27,,,,,,,
1454,10,,,,,,,
1455,8,,,,,,,
1456,17,,,,,,,
1457,27,,,,,,,
1458,9,,,,,,,
1459,7,,,,,,,
1460,7,,,,,,,
1461,8,,,,,,,
1462,10,,,,,,,
1463,15,,,,,,,
1464,13,,,,,,,
1465,36,,,,,,,
1466,11,,,,,,,
1467,8,,,,,,,
1468,11,,,,,,,
1469,13,,,,,,,
1470,9,,,,,,,
1471,7,,,,,,,
1472,7,,,,,,,
1473,7,,,,,,,
1474,8,,,,,,,
1475,10,,,,,,,
1476,15,,,,,,,
1477,13,,,,,,,
1478,36,,,,,,,
1479,11,,,,,,,
1480,8,,,,,,,
1481,11,,,,,,,
1482,13,,,,,,,
1483,9,,,,,,,
1484,7,,,,,,,
1485,7,,,,,,,
1486,7,,,,,,,
1487,8,,,,,,,
1488,10,,,,,,,
1489,15,,,,,,,
1490,20,,,,,,,
1491,36,,,,,,,
1492,11,,,,,,,
1493,8,,,,,,,
1494,11,,,,,,,
1495,13,,,,,,,
1496,9,,,,,,,
1497,7,,,,,,,
1498,7,,,,,,,
1499,9,,,,,,,
1500,15,,,,,,,
1501,24,,,,,,,
1502,37,,,,,,,
1503,11,,,,,,,
1504,7,,,,,,,
1505,31,,,,,,,
1506,21,,,,,,,
1507,28,,,,,,,
1508,21,,,,,,,
1509,25,,,,,,,
1510,21,,,,,,,
1511,10,,,,,,,
1512,7,,,,,,,
1513,20,,,,,,,
1514,15,,,,,,,
1515,24,,,,,,,
1516,19,,,,,,,
1517,7,,,,,,,
1518,8,,,,,,,
1519,19,,,,,,,
1520,29,,,,,,,
1521,31,,,,,,,
1522,22,,,,,,,
1523,15,,,,,,,
1524,18,,,,,,,
1525,6,,,,,,,
1526,23,,,,,,,
1527,24,,,,,,,
1528,6,,,,,,,
1529,15,,,,,,,
1530,23,,,,,,,
1531,7,,,,,,,
1532,9,,,,,,,
1533,13,,,,,,,
1534,15,,,,,,,
1535,18,,,,,,,
1536,7,,,,,,,
1537,8,,,,,,,
1538,6,,,,,,,
1539,16,,,,,,,
1540,6,,,,,,,
1541,8,,,,,,,
1542,6,,,,,,,
1543,18,,,,,,,
1544,30,,,,,,,
1545,8,,,,,,,
1546,6,,,,,,,
1547,18,,,,,,,
1548,9,,,,,,,
1549,8,,,,,,,
1550,6,,,,,,,
1551,16,,,,,,,
1552,13,,,,,,,
1553,10,,,,,,,
1554,8,,,,,,,
1555,18,,,,,,,
1556,16,,,,,,,
1557,8,,,,,,,
1558,6,,,,,,,
1559,17,,,,,,,
1560,7,,,,,,,
1561,10,,,,,,,
1562,6,,,,,,,
1563,16,,,,,,,
1564,6,,,,,,,
1565,16,,,,,,,
1566,13,,,,,,,
1567,9,,,,,,,
1568,8,,,,,,,
1569,6,,,,,,,
1570,17,,,,,,,
1571,15,,,,,,,
1572,17,,,,,,,
1573,23,,,,,,,
1574,24,,,,,,,
1575,17,,,,,,,
1576,18,,,,,,,
1577,9,,,,,,,
1578,34,,,,,,,
1579,20,,,,,,,
1580,26,,,,,,,
1581,11,,,,,,,
1582,13,,,,,,,
1583,6,,,,,,,
1584,16,,,,,,,
1585,39,,,,,,,
1586,23,,,,,,,
1587,31,,,,,,,
1588,20,,,,,,,
1589,19,,,,,,,
1590,30,,,,,,,
1591,9,,,,,,,
1592,18,,,,,,,
1593,9,,,,,,,
1594,20,,,,,,,
1595,15,,,,,,,
1596,19,,,,,,,
1597,24,,,,,,,
1598,22,,,,,,,
1599,25,,,,,,,
1600,15,,,,,,,
1601,21,,,,,,,
1602,13,,,,,,,
1603,9,,,,,,,
1604,6,,,,,,,
1605,16,,,,,,,
1606,19,,,,,,,
1607,24,,,,,,,
1608,20,,,,,,,
1609,23,,,,,,,
1610,21,,,,,,,
1611,21,,,,,,,
1612,28,,,,,,,
1613,25,,,,,,,
1614,21,,,,,,,
1615,9,,,,,,,
1616,14,,,,,,,
1617,6,,,,,,,
1618,31,,,,,,,
1619,35,,,,,,,
1620,11,,,,,,,
1621,17,,,,,,,
1622,29,,,,,,,
1623,35,,,,,,,
1624,39,,,,,,,
1625,38,,,,,,,
1626,34,,,,,,,
1627,8,,,,,,,
1628,6,,,,,,,
1629,9,,,,,,,
1630,7,,,,,,,
1631,16,,,,,,,
1632,23,,,,,,,
1633,9,,,,,,,
1634,19,,,,,,,
1635,7,,,,,,,
1636,24,,,,,,,
1637,15,,,,,,,
1638,13,,,,,,,
1639,6,,,,,,,
1640,9,,,,,,,
1641,7,,,,,,,
1642,9,,,,,,,
1643,22,,,,,,,
1644,23,,,,,,,
1645,9,,,,,,,
1646,38,,,,,,,
1647,19,,,,,,,
1648,28,,,,,,,
1649,26,,,,,,,
1650,39,,,,,,,
1651,22,,,,,,,
1652,11,,,,,,,
1653,7,,,,,,,
1654,13,,,,,,,
1655,8,,,,,,,
1656,6,,,,,,,
1657,23,,,,,,,
1658,10,,,,,,,
1659,11,,,,,,,
1660,13,,,,,,,
1661,35,,,,,,,
1662,35,,,,,,,
1663,31,,,,,,,
1664,34,,,,,,,
1665,10,,,,,,,
1666,21,,,,,,,
1667,13,,,,,,,
1668,11,,,,,,,
1669,16,,,,,,,
1670,24,,,,,,,
1671,29,,,,,,,
1672,39,,,,,,,
1673,34,,,,,,,
1674,28,,,,,,,
1675,27,,,,,,,
1676,36,,,,,,,
1677,11,,,,,,,
1678,26,,,,,,,
1679,15,,,,,,,
1680,12,,,,,,,
1681,24,,,,,,,
1682,21,,,,,,,
1683,12,,,,,,,
1684,26,,,,,,,
1685,15,,,,,,,
1686,12,,,,,,,
1687,24,,,,,,,
1688,21,,,,,,,
1689,12,,,,,,,
1690,16,,,,,,,
1691,8,,,,,,,
1692,7,,,,,,,
1693,6,,,,,,,
1694,14,,,,,,,
1695,7,,,,,,,
1696,19,,,,,,,
1697,20,,,,,,,
1698,28,,,,,,,
1699,19,,,,,,,
1700,32,,,,,,,
1701,27,,,,,,,
1702,19,,,,,,,
1703,32,,,,,,,
1704,26,,,,,,,
1705,8,,,,,,,
1706,19,,,,,,,
1707,32,,,,,,,
1708,22,,,,,,,
1709,23,,,,,,,
1710,30,,,,,,,
1711,26,,,,,,,
1712,19,,,,,,,
1713,11,,,,,,,
1714,15,,,,,,,
1715,6,,,,,,,
1716,11,,,,,,,
1717,9,,,,,,,
1718,18,,,,,,,
1719,30,,,,,,,
1720,11,,,,,,,
1721,26,,,,,,,
1722,9,,,,,,,
1723,7,,,,,,,
1724,6,,,,,,,
1725,12,,,,,,,
1726,17,,,,,,,
1727,8,,,,,,,
1728,7,,,,,,,
1729,6,,,,,,,
1730,14,,,,,,,
1731,19,,,,,,,
1732,20,,,,,,,
1733,28,,,,,,,
1734,25,,,,,,,
1735,32,,,,,,,
1736,28,,,,,,,
1737,25,,,,,,,
1738,32,,,,,,,
1739,22,,,,,,,
1740,8,,,,,,,
1741,25,,,,,,,
1742,32,,,,,,,
1743,24,,,,,,,
1744,23,,,,,,,
1745,30,,,,,,,
1746,26,,,,,,,
1747,19,,,,,,,
1748,11,,,,,,,
1749,15,,,,,,,
1750,19,,,,,,,
1751,11,,,,,,,
1752,15,,,,,,,
1753,19,,,,,,,
1754,11,,,,,,,
1755,15,,,,,,,
1756,6,,,,,,,
1757,9,,,,,,,
1758,18,,,,,,,
1759,30,,,,,,,
1760,10,,,,,,,
1761,9,,,,,,,
1762,7,,,,,,,
1763,21,,,,,,,
1764,12,,,,,,,
1765,17,,,,,,,
1766,8,,,,,,,
1767,7,,,,,,,
1768,6,,,,,,,
1769,14,,,,,,,
1770,19,,,,,,,
1771,20,,,,,,,
1772,28,,,,,,,
1773,25,,,,,,,
1774,32,,,,,,,
1775,28,,,,,,,
1776,25,,,,,,,
1777,32,,,,,,,
1778,22,,,,,,,
1779,8,,,,,,,
1780,25,,,,,,,
1781,32,,,,,,,
1782,24,,,,,,,
1783,23,,,,,,,
1784,30,,,,,,,
1785,26,,,,,,,
1786,19,,,,,,,
1787,11,,,,,,,
1788,15,,,,,,,
1789,19,,,,,,,
1790,11,,,,,,,
1791,15,,,,,,,
1792,19,,,,,,,
1793,11,,,,,,,
1794,15,,,,,,,
1795,6,,,,,,,
1796,9,,,,,,,
1797,18,,,,,,,
1798,30,,,,,,,
1799,10,,,,,,,
1800,9,,,,,,,
1801,7,,,,,,,
1802,21,,,,,,,
1803,12,,,,,,,
1804,17,,,,,,,
1805,8,,,,,,,
1806,7,,,,,,,
1807,6,,,,,,,
1808,14,,,,,,,
1809,19,,,,,,,
1810,20,,,,,,,
1811,28,,,,,,,
1812,25,,,,,,,
1813,32,,,,,,,
1814,28,,,,,,,
1815,25,,,,,,,
1816,32,,,,,,,
1817,22,,,,,,,
1818,8,,,,,,,
1819,25,,,,,,,
1820,32,,,,,,,
1821,24,,,,,,,
1822,23,,,,,,,
1823,30,,,,,,,
1824,26,,,,,,,
1825,19,,,,,,,
1826,11,,,,,,,
1827,15,,,,,,,
1828,19,,,,,,,
1829,11,,,,,,,
1830,15,,,,,,,
1831,19,,,,,,,
1832,11,,,,,,,
1833,15,,,,,,,
1834,6,,,,,,,
1835,9,,,,,,,
1836,18,,,,,,,
1837,30,,,,,,,
1838,10,,,,,,,
1839,9,,,,,,,
1840,7,,,,,,,
1841,21,,,,,,,
1842,12,,,,,,,
1843,26,,,,,,,
1844,15,,,,,,,
1845,12,,,,,,,
1846,24,,,,,,,
1847,26,,,,,,,
1848,12,,,,,,,
1849,13,,,,,,,
1850,10,,,,,,,
1851,7,,,,,,,
1852,17,,,,,,,
1853,25,,,,,,,
1854,37,,,,,,,
1855,11,,,,,,,
1856,21,,,,,,,
1857,7,,,,,,,
1858,12,,,,,,,
1859,28,,,,,,,
1860,21,,,,,,,
1861,6,,,,,,,
1862,6,,,,,,,
1863,25,,,,,,,
1864,14,,,,,,,
1865,21,,,,,,,
1866,27,,,,,,,
1867,6,,,,,,,
1868,8,,,,,,,
1869,11,,,,,,,
1870,17,,,,,,,
1871,9,,,,,,,
1872,23,,,,,,,
1873,8,,,,,,,
1874,8,,,,,,,
1875,27,,,,,,,
1876,28,,,,,,,
1877,7,,,,,,,
1878,10,,,,,,,
1879,14,,,,,,,
1880,6,,,,,,,
1881,13,,,,,,,
1882,18,,,,,,,
1883,34,,,,,,,
1884,6,,,,,,,
1885,19,,,,,,,
1886,22,,,,,,,
1887,31,,,,,,,
1888,9,,,,,,,
1889,9,,,,,,,
1890,10,,,,,,,
1891,10,,,,,,,
1892,21,,,,,,,
1893,29,,,,,,,
1894,7,,,,,,,
1895,35,,,,,,,
1896,11,,,,,,,
1897,7,,,,,,,
1898,21,,,,,,,
1899,6,,,,,,,
1900,12,,,,,,,
1901,30,,,,,,,
1902,15,,,,,,,
1903,21,,,,,,,
1904,31,,,,,,,
1905,22,,,,,,,
1906,9,,,,,,,
1907,14,,,,,,,
1908,13,,,,,,,
1909,15,,,,,,,
1910,9,,,,,,,
1911,17,,,,,,,
1912,15,,,,,,,
1913,14,,,,,,,
1914,10,,,,,,,
1915,6,,,,,,,
1916,17,,,,,,,
1917,17,,,,,,,
1918,10,,,,,,,
1919,6,,,,,,,
1920,17,,,,,,,
1921,38,,,,,,,
1922,10,,,,,,,
1923,6,,,,,,,
1924,17,,,,,,,
1925,14,,,,,,,
1926,10,,,,,,,
1927,6,,,,,,,
1928,17,,,,,,,
1929,24,,,,,,,
1930,10,,,,,,,
1931,6,,,,,,,
1932,17,,,,,,,
1933,22,,,,,,,
1934,10,,,,,,,
1935,6,,,,,,,
1936,17,,,,,,,
1937,14,,,,,,,
1938,10,,,,,,,
1939,6,,,,,,,
1940,17,,,,,,,
1941,31,,,,,,,
1942,25,,,,,,,
1943,30,,,,,,,
1944,27,,,,,,,
1945,27,,,,,,,
1946,28,,,,,,,
1947,12,,,,,,,
1948,27,,,,,,,
1949,20,,,,,,,
1950,6,,,,,,,
1951,10,,,,,,,
1952,7,,,,,,,
1953,8,,,,,,,
1954,10,,,,,,,
1955,6,,,,,,,
1956,8,,,,,,,
1957,13,,,,,,,
1958,7,,,,,,,
1959,6,,,,,,,
1960,11,,,,,,,
1961,9,,,,,,,
1962,16,,,,,,,
1963,21,,,,,,,
1964,10,,,,,,,
1965,7,,,,,,,
1966,7,,,,,,,
1967,24,,,,,,,
1968,13,,,,,,,
1969,7,,,,,,,
1970,6,,,,,,,
1971,11,,,,,,,
1972,9,,,,,,,
1973,16,,,,,,,
1974,21,,,,,,,
1975,10,,,,,,,
1976,7,,,,,,,
1977,7,,,,,,,
1978,24,,,,,,,
1979,16,,,,,,,
1980,6,,,,,,,
1981,7,,,,,,,
1982,7,,,,,,,
1983,6,,,,,,,
1984,17,,,,,,,
1985,11,,,,,,,
1986,26,,,,,,,
1987,17,,,,,,,
1988,11,,,,,,,
1989,17,,,,,,,
1990,13,,,,,,,
1991,9,,,,,,,
1992,8,,,,,,,
1993,13,,,,,,,
1994,34,,,,,,,
1995,13,,,,,,,
1996,13,,,,,,,
1997,39,,,,,,,
1998,17,,,,,,,
1999,25,,,,,,,
2000,6,,,,,,,
2001,26,,,,,,,
2002,16,,,,,,,
2003,22,,,,,,,
2004,16,,,,,,,
2005,25,,,,,,,
2006,11,,,,,,,
2007,15,,,,,,,
2008,29,,,,,,,
2009,21,,,,,,,
2010,14,,,,,,,
2011,11,,,,,,,
2012,23,,,,,,,
2013,18,,,,,,,
2014,10,,,,,,,
2015,13,,,,,,,
2016,17,,,,,,,
2017,14,,,,,,,
2018,17,,,,,,,
2019,21,,,,,,,
2020,15,,,,,,,
2021,16,,,,,,,
2022,13,,,,,,,
2023,11,,,,,,,
2024,6,,,,,,,
2025,9,,,,,,,
2026,10,,,,,,,
2027,15,,,,,,,
2028,6,,,,,,,
2029,8,,,,,,,
2030,12,,,,,,,
2031,8,,,,,,,
2032,8,,,,,,,
2033,9,,,,,,,
2034,14,,,,,,,
2035,39,,,,,,,
2036,15,,,,,,,
2037,8,,,,,,,
2038,6,,,,,,,
2039,27,,,,,,,
2040,11,,,,,,,
2041,8,,,,,,,
2042,12,,,,,,,
2043,6,,,,,,,
2044,11,,,,,,,
2045,13,,,,,,,
2046,11,,,,,,,
2047,34,,,,,,,
2048,28,,,,,,,
2049,27,,,,,,,
2050,11,,,,,,,
2051,13,,,,,,,
2052,6,,,,,,,
2053,27,,,,,,,
2054,20,,,,,,,
2055,33,,,,,,,
2056,16,,,,,,,
2057,14,,,,,,,
2058,26,,,,,,,
2059,17,,,,,,,
2060,16,,,,,,,
2061,18,,,,,,,
2062,7,,,,,,,
2063,6,,,,,,,
2064,13,,,,,,,
2065,6,,,,,,,
2066,27,,,,,,,
2067,20,,,,,,,
2068,33,,,,,,,
2069,16,,,,,,,
2070,14,,,,,,,
2071,26,,,,,,,
2072,17,,,,,,,
2073,16,,,,,,,
2074,18,,,,,,,
2075,7,,,,,,,
2076,6,,,,,,,
2077,11,,,,,,,
2078,8,,,,,,,
2079,6,,,,,,,
2080,8,,,,,,,
2081,11,,,,,,,
2082,11,,,,,,,
2083,8,,,,,,,
2084,6,,,,,,,
2085,8,,,,,,,
2086,11,,,,,,,
2087,16,,,,,,,
2088,15,,,,,,,
2089,8,,,,,,,
2090,16,,,,,,,
2091,8,,,,,,,
2092,12,,,,,,,
2093,16,,,,,,,
2094,15,,,,,,,
2095,8,,,,,,,
2096,16,,,,,,,
2097,8,,,,,,,
2098,12,,,,,,,
